category,text
sport,"India won the cricket match after an amazing performance by the players"
sport,"Football team prepares for the upcoming championship tournament"
sport,"Olympic athletes are training hard for the international games"
sport,"The cricket player scored a brilliant century in the final match"
sport,"The national team won the championship after a tough competition"
sport,"The football club announced new players for the upcoming season"
sport,"Tennis player reached the final after winning several matches"
sport,"The basketball team celebrated their victory after the final game"
sport,"Cricket fans celebrated the team's historic world cup victory"
sport,"The athlete broke the world record during the international event"
sport,"The coach announced the training schedule for the players"
sport,"The hockey team performed well in the national tournament"
sport,"The player received an award for outstanding performance"
sport,"The stadium was full of fans during the football match"
sport,"The team captain scored the winning goal in the last minute"
sport,"The cricket tournament attracted millions of viewers worldwide"
sport,"Players are preparing for the upcoming sports competition"
sport,"The tennis championship started with exciting matches"
sport,"The Olympic games featured athletes from many countries"
sport,"The sports organization announced new tournament rules"


business,"Stock market prices increased as companies reported strong profits"
business,"The company announced a new business strategy for future growth"
business,"Global markets showed positive results after economic improvements"
business,"Investors are looking for better opportunities in technology companies"
business,"Stock market prices increased after company profits"
business,"The company launched a new product to increase revenue"
business,"Business leaders discussed future economic growth plans"
business,"The banking sector reported higher profits this year"
business,"The startup received funding from international investors"
business,"Companies are expanding their operations into new markets"
business,"The financial report showed strong quarterly performance"
business,"The economy improved due to increased consumer spending"
business,"The company hired more employees after business growth"
business,"Investors are monitoring changes in the stock market"
business,"The retail industry experienced rapid growth this year"
business,"The CEO announced plans for global expansion"
business,"Small businesses received support from government programs"
business,"The company increased sales through digital marketing"
business,"The financial market reacted positively to new policies"
business,"Business experts predicted future economic trends"


tech,"Artificial intelligence is changing the future of technology"
tech,"New smartphone launched with advanced camera and AI features"
tech,"Scientists developed a new computer system using machine learning"
tech,"Technology companies are investing heavily in cloud computing"
tech,"New smartphone launched with artificial intelligence technology"
tech,"Researchers developed a new software application"
tech,"The company introduced advanced robotics technology"
tech,"Artificial intelligence helps businesses automate tasks"
tech,"Cybersecurity experts discovered new online threats"
tech,"The latest laptop includes powerful computer processors"
tech,"Scientists created a new technology for data analysis"
tech,"Cloud computing services are becoming more popular"
tech,"The software update improved device performance"
tech,"Technology experts discussed the future of artificial intelligence"
tech,"The company released a new mobile application"
tech,"Virtual reality technology is improving gaming experiences"
tech,"Engineers developed a faster computer network"
tech,"The internet industry continues to grow rapidly"
tech,"New electronic devices were introduced in the market"
tech,"Machine learning models are improving prediction systems"


politics,"Government announced new policies for economic development"
politics,"Political leaders discussed important issues during the meeting"
politics,"The election campaign started with many candidates participating"
politics,"Parliament approved a new law after a long discussion"
politics,"Government announced new election policies"
politics,"The president addressed the nation about important matters"
politics,"Political parties started preparing for upcoming elections"
politics,"The government introduced new public welfare schemes"
politics,"Leaders discussed international relations during the meeting"
politics,"The election results were announced after vote counting"
politics,"The parliament passed a major reform bill"
politics,"Government officials attended a policy meeting"
politics,"The minister announced new development projects"
politics,"Citizens participated in the democratic election process"
politics,"Political debates focused on national issues"
politics,"The government revealed its annual budget plans"
politics,"Lawmakers discussed changes in existing regulations"
politics,"The opposition criticized the government's decision"
politics,"The election commission released new guidelines"
politics,"International leaders discussed political cooperation"


entertainment,"The new movie received excellent reviews from audiences"
entertainment,"Famous actor announced a new film project"
entertainment,"Music artists released their latest songs worldwide"
entertainment,"The television show became popular among viewers"
entertainment,"The actor won an award for best performance"
entertainment,"The movie became a box office success"
entertainment,"The singer announced a world tour"
entertainment,"Fans celebrated the release of a new movie"
entertainment,"The director revealed details about the upcoming film"
entertainment,"The streaming platform released a new series"
entertainment,"The celebrity attended a popular entertainment event"
entertainment,"The film industry produced many successful movies"
entertainment,"The new song became popular on music platforms"
entertainment,"The actress received praise for her latest role"
entertainment,"The award ceremony celebrated talented artists"
entertainment,"The television series gained millions of viewers"
entertainment,"The filmmaker announced a new entertainment project"
entertainment,"The music album received positive feedback"
entertainment,"The actor shared details about upcoming movies"
entertainment,"The entertainment industry continues to grow"




